Model,Region,Bias Score,RMSE Score,Seasonal Cycle Score,Spatial Distribution Score,Overall Score,Overall Note
ED-ModelC-humid_suppression,aust,0.752679,0.652207,0.627192,0.680365,0.6862214999999999,derived
ED-ModelC-fuel_moisture_balance,aust,0.768336,0.653947,0.554759,0.699024,0.6830581666666666,derived
ED-ModelC-final,aust,0.745626,0.652014,0.579524,0.721918,0.6827869999999999,derived
ED-ModelC-precip_shape,aust,0.750577,0.64865,0.611789,0.67398,0.6807038333333333,derived
ED-ModelC-base_refit,aust,0.746074,0.653375,0.603718,0.593502,0.6660196666666667,derived
ED-ModelC-temp_window,aust,0.736245,0.646197,0.582625,0.646759,0.6657113333333334,derived
ED-ModelC-precip_shape,boas,0.882003,0.690884,0.802358,0.589272,0.7562340000000001,derived
ED-ModelC-final,boas,0.840753,0.619204,0.796639,0.767865,0.7474029999999999,derived
ED-ModelC-temp_window,boas,0.869865,0.676065,0.803329,0.587043,0.7470386666666666,derived
ED-ModelC-base_refit,boas,0.879473,0.698303,0.795917,0.25943,0.7018165000000001,derived
ED-ModelC-humid_suppression,boas,0.880617,0.711482,0.796517,0.191135,0.6953083333333333,derived
ED-ModelC-fuel_moisture_balance,boas,0.874541,0.694598,0.78503,0.20581,0.6881863333333333,derived
ED-ModelC-final,bona,0.883981,0.742535,0.925121,0.654858,0.8055018333333334,derived
ED-ModelC-precip_shape,bona,0.893959,0.753023,0.923771,0.47894,0.7827791666666667,derived
ED-ModelC-temp_window,bona,0.895437,0.752194,0.919857,0.440552,0.7759451666666668,derived
ED-ModelC-humid_suppression,bona,0.895043,0.754744,0.928789,0.142411,0.7284623333333333,derived
ED-ModelC-base_refit,bona,0.895223,0.753177,0.927425,0.134983,0.7265346666666668,derived
ED-ModelC-fuel_moisture_balance,bona,0.885533,0.746969,0.848468,0.0930453,0.7010862166666666,derived
ED-ModelC-humid_suppression,ceam,0.518427,0.44792,0.877158,0.199628,0.50158,derived
ED-ModelC-precip_shape,ceam,0.545306,0.424532,0.863352,0.152787,0.49263583333333333,derived
ED-ModelC-base_refit,ceam,0.436719,0.42263,0.84608,0.282922,0.4746166666666667,derived
ED-ModelC-fuel_moisture_balance,ceam,0.460496,0.337888,0.828627,0.221449,0.4411406666666666,derived
ED-ModelC-temp_window,ceam,0.413998,0.348261,0.828178,0.162155,0.41914183333333327,derived
ED-ModelC-final,ceam,0.286887,0.310422,0.84747,0.125564,0.3612753333333332,derived
ED-ModelC-base_refit,ceas,0.806542,0.609228,0.722644,0.6643,0.7030806666666667,derived
ED-ModelC-fuel_moisture_balance,ceas,0.809349,0.610398,0.714803,0.653864,0.7013601666666668,derived
ED-ModelC-temp_window,ceas,0.810598,0.60459,0.725289,0.6191,0.6957941666666668,derived
ED-ModelC-final,ceas,0.783351,0.560258,0.722163,0.726466,0.6893078333333333,derived
ED-ModelC-humid_suppression,ceas,0.79378,0.599962,0.72759,0.455884,0.6618263333333334,derived
ED-ModelC-precip_shape,ceas,0.797649,0.594006,0.719963,0.420535,0.653968,derived
ED-ModelC-precip_shape,eqas,0.715337,0.59074,0.832657,0.626667,0.6785796666666668,derived
ED-ModelC-humid_suppression,eqas,0.70194,0.588794,0.852658,0.49077,0.6541493333333334,derived
ED-ModelC-temp_window,eqas,0.666304,0.567163,0.850199,0.50612,0.6372088333333333,derived
ED-ModelC-fuel_moisture_balance,eqas,0.70014,0.565515,0.74289,0.406087,0.6133811666666666,derived
ED-ModelC-base_refit,eqas,0.555385,0.566388,0.827309,0.330682,0.5669228333333334,derived
ED-ModelC-final,eqas,0.477132,0.523149,0.836452,0.177092,0.502351,derived
ED-ModelC-precip_shape,euro,0.672032,0.489783,0.80739,0.218764,0.5582973333333334,derived
ED-ModelC-humid_suppression,euro,0.663897,0.474147,0.816971,0.201779,0.5491396666666667,derived
ED-ModelC-base_refit,euro,0.62329,0.418761,0.812904,0.17857,0.512596,derived
ED-ModelC-fuel_moisture_balance,euro,0.623591,0.406533,0.795647,0.135566,0.49857683333333336,derived
ED-ModelC-temp_window,euro,0.571108,0.396016,0.802348,0.143596,0.48003199999999996,derived
ED-ModelC-final,euro,0.39345,0.261763,0.808165,0.080499,0.3665150000000001,derived
ED-ModelC-fuel_moisture_balance,mide,0.490429,0.325928,0.749182,0.145012,0.4211513333333334,derived
ED-ModelC-base_refit,mide,0.463271,0.318021,0.772269,0.0853385,0.40336525,derived
ED-ModelC-final,mide,0.436689,0.310067,0.76584,0.0911787,0.3917551166666666,derived
ED-ModelC-temp_window,mide,0.404558,0.279077,0.77955,0.0394948,0.3643858,derived
ED-ModelC-precip_shape,mide,0.384483,0.276893,0.791758,0.0275066,0.3570027666666667,derived
ED-ModelC-humid_suppression,mide,0.374091,0.25197,0.804057,0.0275947,0.3472956166666667,derived
ED-ModelC-final,nhaf,0.769337,0.479548,0.901029,0.59981,0.6664348333333333,derived
ED-ModelC-fuel_moisture_balance,nhaf,0.752734,0.479278,0.895594,0.535842,0.6492433333333334,derived
ED-ModelC-temp_window,nhaf,0.746429,0.47468,0.873946,0.510711,0.6378125,derived
ED-ModelC-base_refit,nhaf,0.756876,0.470728,0.863441,0.492502,0.6351918333333333,derived
ED-ModelC-humid_suppression,nhaf,0.741067,0.461,0.826418,0.575402,0.6343256666666667,derived
ED-ModelC-precip_shape,nhaf,0.721362,0.457855,0.843563,0.523489,0.6209143333333333,derived
ED-ModelC-humid_suppression,nhsa,0.675573,0.566673,0.912096,0.820359,0.7028245000000001,derived
ED-ModelC-precip_shape,nhsa,0.715153,0.573589,0.911659,0.69186,0.6968338333333334,derived
ED-ModelC-temp_window,nhsa,0.620333,0.527572,0.912922,0.7972,0.6676553333333334,derived
ED-ModelC-fuel_moisture_balance,nhsa,0.618561,0.516643,0.90956,0.798426,0.6630656666666667,derived
ED-ModelC-base_refit,nhsa,0.585978,0.551915,0.914545,0.774126,0.6607428333333333,derived
ED-ModelC-final,nhsa,0.501408,0.49315,0.914425,0.626989,0.5884216666666666,derived
ED-ModelC-precip_shape,seas,0.695353,0.46958,0.860629,0.483238,0.6122888333333333,derived
ED-ModelC-humid_suppression,seas,0.660957,0.460269,0.879205,0.467702,0.5982265,derived
ED-ModelC-base_refit,seas,0.602328,0.425289,0.850295,0.503296,0.5681375000000001,derived
ED-ModelC-fuel_moisture_balance,seas,0.613516,0.404166,0.850071,0.446438,0.5553121666666667,derived
ED-ModelC-temp_window,seas,0.591162,0.382273,0.790666,0.425948,0.5272473333333333,derived
ED-ModelC-final,seas,0.496169,0.377266,0.826697,0.358569,0.4886893333333333,derived
ED-ModelC-final,shaf,0.759732,0.502274,0.902122,0.567063,0.6655328333333334,derived
ED-ModelC-fuel_moisture_balance,shaf,0.724854,0.497227,0.897269,0.453137,0.632428,derived
ED-ModelC-temp_window,shaf,0.728496,0.50634,0.913889,0.384318,0.6279798333333334,derived
ED-ModelC-precip_shape,shaf,0.690842,0.490047,0.915954,0.412928,0.61511,derived
ED-ModelC-base_refit,shaf,0.71149,0.484933,0.898767,0.275525,0.594523,derived
ED-ModelC-humid_suppression,shaf,0.694352,0.478825,0.898116,0.282655,0.5878541666666667,derived
ED-ModelC-precip_shape,shsa,0.712979,0.537932,0.9035,0.607011,0.6687221666666666,derived
ED-ModelC-humid_suppression,shsa,0.660549,0.526798,0.861367,0.559891,0.6326586666666666,derived
ED-ModelC-temp_window,shsa,0.621356,0.454271,0.833085,0.565465,0.591634,derived
ED-ModelC-base_refit,shsa,0.596304,0.482554,0.810088,0.572175,0.5899964999999999,derived
ED-ModelC-fuel_moisture_balance,shsa,0.616619,0.44647,0.833413,0.519241,0.5798053333333333,derived
ED-ModelC-final,shsa,0.473091,0.429758,0.820024,0.383616,0.5015563333333334,derived
ED-ModelC-fuel_moisture_balance,tena,0.580317,0.391397,0.688116,0.300883,0.48873783333333326,derived
ED-ModelC-base_refit,tena,0.542766,0.382844,0.716099,0.187678,0.4591661666666667,derived
ED-ModelC-humid_suppression,tena,0.550548,0.38379,0.723923,0.0821389,0.44578965000000004,derived
ED-ModelC-precip_shape,tena,0.547995,0.393337,0.678789,0.0632332,0.43744770000000005,derived
ED-ModelC-temp_window,tena,0.49095,0.360569,0.69174,0.100804,0.4159303333333333,derived
ED-ModelC-final,tena,0.437076,0.307975,0.694036,0.160304,0.3907403333333333,derived
