"Section","Variable","Source","Model","ScalarName","AnalysisType","Region","ScalarType","Units","Data","Weight"
"EcosystemandCarbonCycle","BurnedArea","GFED4.1S","ELM","Benchmark Period Mean (intersection)","MeanState","global","scalar","%","0.316433","80.0"
"EcosystemandCarbonCycle","BurnedArea","GFED4.1S","ELM","Benchmark Period Mean (complement)","MeanState","global","scalar","%","0.0431552","80.0"
"EcosystemandCarbonCycle","BurnedArea","GFED4.1S","ELM","Period Mean (original grids)","MeanState","global","scalar","%","0.135698","80.0"
"EcosystemandCarbonCycle","BurnedArea","GFED4.1S","ELM","Model Period Mean (intersection)","MeanState","global","scalar","%","0.159522","80.0"
"EcosystemandCarbonCycle","BurnedArea","GFED4.1S","ELM","Model Period Mean (complement)","MeanState","global","scalar","%","0.0260451","80.0"
"EcosystemandCarbonCycle","BurnedArea","GFED4.1S","ELM","Spatial Distribution Score","MeanState","global","score","1","0.333089","80.0"
"EcosystemandCarbonCycle","BurnedArea","GFED4.1S","ELM","Phase Shift","MeanState","global","scalar","months","2.24051","80.0"
"EcosystemandCarbonCycle","BurnedArea","GFED4.1S","ELM","Seasonal Cycle Score","MeanState","global","score","1","0.77772","80.0"
"EcosystemandCarbonCycle","BurnedArea","GFED4.1S","ELM","Bias","MeanState","global","scalar","%","-0.157679","80.0"
"EcosystemandCarbonCycle","BurnedArea","GFED4.1S","ELM","Bias Score","MeanState","global","score","1","0.687174","80.0"
"EcosystemandCarbonCycle","BurnedArea","GFED4.1S","ELM","RMSE","MeanState","global","scalar","%","0.671986","80.0"
"EcosystemandCarbonCycle","BurnedArea","GFED4.1S","ELM","RMSE Score","MeanState","global","score","1","0.491961","80.0"
"EcosystemandCarbonCycle","BurnedArea","GFED4.1S","ELM","Overall Score","MeanState","global","score","1","0.556381","80.0"
"EcosystemandCarbonCycle","BurnedArea","GFED4.1S","ED-ModelC-final-repro","Benchmark Period Mean (intersection)","MeanState","global","scalar","%","0.329776","80.0"
"EcosystemandCarbonCycle","BurnedArea","GFED4.1S","ED-ModelC-final-repro","Benchmark Period Mean (complement)","MeanState","global","scalar","%","0","80.0"
"EcosystemandCarbonCycle","BurnedArea","GFED4.1S","ED-ModelC-final-repro","Period Mean (original grids)","MeanState","global","scalar","%","0.611164","80.0"
"EcosystemandCarbonCycle","BurnedArea","GFED4.1S","ED-ModelC-final-repro","Model Period Mean (intersection)","MeanState","global","scalar","%","0.663221","80.0"
"EcosystemandCarbonCycle","BurnedArea","GFED4.1S","ED-ModelC-final-repro","Model Period Mean (complement)","MeanState","global","scalar","%","0.0871574","80.0"
"EcosystemandCarbonCycle","BurnedArea","GFED4.1S","ED-ModelC-final-repro","Spatial Distribution Score","MeanState","global","score","1","0.771075","80.0"
"EcosystemandCarbonCycle","BurnedArea","GFED4.1S","ED-ModelC-final-repro","Phase Shift","MeanState","global","scalar","months","2.05853","80.0"
"EcosystemandCarbonCycle","BurnedArea","GFED4.1S","ED-ModelC-final-repro","Seasonal Cycle Score","MeanState","global","score","1","0.84569","80.0"
"EcosystemandCarbonCycle","BurnedArea","GFED4.1S","ED-ModelC-final-repro","Bias","MeanState","global","scalar","%","0.333445","80.0"
"EcosystemandCarbonCycle","BurnedArea","GFED4.1S","ED-ModelC-final-repro","Bias Score","MeanState","global","score","1","0.728089","80.0"
"EcosystemandCarbonCycle","BurnedArea","GFED4.1S","ED-ModelC-final-repro","RMSE","MeanState","global","scalar","%","0.983043","80.0"
"EcosystemandCarbonCycle","BurnedArea","GFED4.1S","ED-ModelC-final-repro","RMSE Score","MeanState","global","score","1","0.505759","80.0"
"EcosystemandCarbonCycle","BurnedArea","GFED4.1S","ED-ModelC-final-repro","Overall Score","MeanState","global","score","1","0.671274","80.0"
"EcosystemandCarbonCycle","BurnedArea","GFED4.1S","LPJmL","Benchmark Period Mean (intersection)","MeanState","global","scalar","%","0.312615","80.0"
"EcosystemandCarbonCycle","BurnedArea","GFED4.1S","LPJmL","Benchmark Period Mean (complement)","MeanState","global","scalar","%","0.00511679","80.0"
"EcosystemandCarbonCycle","BurnedArea","GFED4.1S","LPJmL","Period Mean (original grids)","MeanState","global","scalar","%","0.283702","80.0"
"EcosystemandCarbonCycle","BurnedArea","GFED4.1S","LPJmL","Model Period Mean (intersection)","MeanState","global","scalar","%","0.320517","80.0"
"EcosystemandCarbonCycle","BurnedArea","GFED4.1S","LPJmL","Model Period Mean (complement)","MeanState","global","scalar","%","0.0675073","80.0"
"EcosystemandCarbonCycle","BurnedArea","GFED4.1S","LPJmL","Spatial Distribution Score","MeanState","global","score","1","0.611996","80.0"
"EcosystemandCarbonCycle","BurnedArea","GFED4.1S","LPJmL","Phase Shift","MeanState","global","scalar","months","3.19154","80.0"
"EcosystemandCarbonCycle","BurnedArea","GFED4.1S","LPJmL","Seasonal Cycle Score","MeanState","global","score","1","0.458751","80.0"
"EcosystemandCarbonCycle","BurnedArea","GFED4.1S","LPJmL","Bias","MeanState","global","scalar","%","0.00790152","80.0"
"EcosystemandCarbonCycle","BurnedArea","GFED4.1S","LPJmL","Bias Score","MeanState","global","score","1","0.693387","80.0"
"EcosystemandCarbonCycle","BurnedArea","GFED4.1S","LPJmL","RMSE","MeanState","global","scalar","%","0.715474","80.0"
"EcosystemandCarbonCycle","BurnedArea","GFED4.1S","LPJmL","RMSE Score","MeanState","global","score","1","0.4893","80.0"
"EcosystemandCarbonCycle","BurnedArea","GFED4.1S","LPJmL","Overall Score","MeanState","global","score","1","0.548547","80.0"
"EcosystemandCarbonCycle","BurnedArea","GFED4.1S","ELM-FATES","Benchmark Period Mean (intersection)","MeanState","global","scalar","%","0.314185","80.0"
"EcosystemandCarbonCycle","BurnedArea","GFED4.1S","ELM-FATES","Benchmark Period Mean (complement)","MeanState","global","scalar","%","0.0253338","80.0"
"EcosystemandCarbonCycle","BurnedArea","GFED4.1S","ELM-FATES","Period Mean (original grids)","MeanState","global","scalar","%","0.629683","80.0"
"EcosystemandCarbonCycle","BurnedArea","GFED4.1S","ELM-FATES","Model Period Mean (intersection)","MeanState","global","scalar","%","0.691108","80.0"
"EcosystemandCarbonCycle","BurnedArea","GFED4.1S","ELM-FATES","Model Period Mean (complement)","MeanState","global","scalar","%","0.440398","80.0"
"EcosystemandCarbonCycle","BurnedArea","GFED4.1S","ELM-FATES","Spatial Distribution Score","MeanState","global","score","1","0.676384","80.0"
"EcosystemandCarbonCycle","BurnedArea","GFED4.1S","ELM-FATES","Phase Shift","MeanState","global","scalar","months","2.14383","80.0"
"EcosystemandCarbonCycle","BurnedArea","GFED4.1S","ELM-FATES","Seasonal Cycle Score","MeanState","global","score","1","0.860476","80.0"
"EcosystemandCarbonCycle","BurnedArea","GFED4.1S","ELM-FATES","Bias","MeanState","global","scalar","%","0.376011","80.0"
"EcosystemandCarbonCycle","BurnedArea","GFED4.1S","ELM-FATES","Bias Score","MeanState","global","score","1","0.724021","80.0"
"EcosystemandCarbonCycle","BurnedArea","GFED4.1S","ELM-FATES","RMSE","MeanState","global","scalar","%","1.132","80.0"
"EcosystemandCarbonCycle","BurnedArea","GFED4.1S","ELM-FATES","RMSE Score","MeanState","global","score","1","0.511529","80.0"
"EcosystemandCarbonCycle","BurnedArea","GFED4.1S","ELM-FATES","Overall Score","MeanState","global","score","1","0.656788","80.0"
"EcosystemandCarbonCycle","BurnedArea","GFED4.1S","JULES-ES","Benchmark Period Mean (intersection)","MeanState","global","scalar","%","0.326655","80.0"
"EcosystemandCarbonCycle","BurnedArea","GFED4.1S","JULES-ES","Benchmark Period Mean (complement)","MeanState","global","scalar","%","0.0498121","80.0"
"EcosystemandCarbonCycle","BurnedArea","GFED4.1S","JULES-ES","Period Mean (original grids)","MeanState","global","scalar","%","0.178786","80.0"
"EcosystemandCarbonCycle","BurnedArea","GFED4.1S","JULES-ES","Model Period Mean (intersection)","MeanState","global","scalar","%","0.200301","80.0"
"EcosystemandCarbonCycle","BurnedArea","GFED4.1S","JULES-ES","Model Period Mean (complement)","MeanState","global","scalar","%","0.0191803","80.0"
"EcosystemandCarbonCycle","BurnedArea","GFED4.1S","JULES-ES","Spatial Distribution Score","MeanState","global","score","1","0.446723","80.0"
"EcosystemandCarbonCycle","BurnedArea","GFED4.1S","JULES-ES","Phase Shift","MeanState","global","scalar","months","1.96949","80.0"
"EcosystemandCarbonCycle","BurnedArea","GFED4.1S","JULES-ES","Seasonal Cycle Score","MeanState","global","score","1","0.784159","80.0"
"EcosystemandCarbonCycle","BurnedArea","GFED4.1S","JULES-ES","Bias","MeanState","global","scalar","%","-0.126354","80.0"
"EcosystemandCarbonCycle","BurnedArea","GFED4.1S","JULES-ES","Bias Score","MeanState","global","score","1","0.709288","80.0"
"EcosystemandCarbonCycle","BurnedArea","GFED4.1S","JULES-ES","RMSE","MeanState","global","scalar","%","0.633213","80.0"
"EcosystemandCarbonCycle","BurnedArea","GFED4.1S","JULES-ES","RMSE Score","MeanState","global","score","1","0.506212","80.0"
"EcosystemandCarbonCycle","BurnedArea","GFED4.1S","JULES-ES","Overall Score","MeanState","global","score","1","0.590519","80.0"
"EcosystemandCarbonCycle","BurnedArea","GFED4.1S","EDv3","Benchmark Period Mean (intersection)","MeanState","global","scalar","%","0.32711","80.0"
"EcosystemandCarbonCycle","BurnedArea","GFED4.1S","EDv3","Benchmark Period Mean (complement)","MeanState","global","scalar","%","0.028542","80.0"
"EcosystemandCarbonCycle","BurnedArea","GFED4.1S","EDv3","Period Mean (original grids)","MeanState","global","scalar","%","0.106925","80.0"
"EcosystemandCarbonCycle","BurnedArea","GFED4.1S","EDv3","Model Period Mean (intersection)","MeanState","global","scalar","%","0.118507","80.0"
"EcosystemandCarbonCycle","BurnedArea","GFED4.1S","EDv3","Model Period Mean (complement)","MeanState","global","scalar","%","0.0213233","80.0"
"EcosystemandCarbonCycle","BurnedArea","GFED4.1S","EDv3","Spatial Distribution Score","MeanState","global","score","1","0.289944","80.0"
"EcosystemandCarbonCycle","BurnedArea","GFED4.1S","EDv3","Phase Shift","MeanState","global","scalar","months","3.2245","80.0"
"EcosystemandCarbonCycle","BurnedArea","GFED4.1S","EDv3","Seasonal Cycle Score","MeanState","global","score","1","0.43859","80.0"
"EcosystemandCarbonCycle","BurnedArea","GFED4.1S","EDv3","Bias","MeanState","global","scalar","%","-0.208603","80.0"
"EcosystemandCarbonCycle","BurnedArea","GFED4.1S","EDv3","Bias Score","MeanState","global","score","1","0.68067","80.0"
"EcosystemandCarbonCycle","BurnedArea","GFED4.1S","EDv3","RMSE","MeanState","global","scalar","%","0.643489","80.0"
"EcosystemandCarbonCycle","BurnedArea","GFED4.1S","EDv3","RMSE Score","MeanState","global","score","1","0.488924","80.0"
"EcosystemandCarbonCycle","BurnedArea","GFED4.1S","EDv3","Overall Score","MeanState","global","score","1","0.47741","80.0"
"EcosystemandCarbonCycle","BurnedArea","GFED4.1S","LPJ-EOSIM","Benchmark Period Mean (intersection)","MeanState","global","scalar","%","0.324362","80.0"
"EcosystemandCarbonCycle","BurnedArea","GFED4.1S","LPJ-EOSIM","Benchmark Period Mean (complement)","MeanState","global","scalar","%","0.028321","80.0"
"EcosystemandCarbonCycle","BurnedArea","GFED4.1S","LPJ-EOSIM","Period Mean (original grids)","MeanState","global","scalar","%","0.110799","80.0"
"EcosystemandCarbonCycle","BurnedArea","GFED4.1S","LPJ-EOSIM","Model Period Mean (intersection)","MeanState","global","scalar","%","0.121362","80.0"
"EcosystemandCarbonCycle","BurnedArea","GFED4.1S","LPJ-EOSIM","Model Period Mean (complement)","MeanState","global","scalar","%","0.0311638","80.0"
"EcosystemandCarbonCycle","BurnedArea","GFED4.1S","LPJ-EOSIM","Spatial Distribution Score","MeanState","global","score","1","0.227081","80.0"
"EcosystemandCarbonCycle","BurnedArea","GFED4.1S","LPJ-EOSIM","Phase Shift","MeanState","global","scalar","months","3.19581","80.0"
"EcosystemandCarbonCycle","BurnedArea","GFED4.1S","LPJ-EOSIM","Seasonal Cycle Score","MeanState","global","score","1","0.459075","80.0"
"EcosystemandCarbonCycle","BurnedArea","GFED4.1S","LPJ-EOSIM","Bias","MeanState","global","scalar","%","-0.203","80.0"
"EcosystemandCarbonCycle","BurnedArea","GFED4.1S","LPJ-EOSIM","Bias Score","MeanState","global","score","1","0.653564","80.0"
"EcosystemandCarbonCycle","BurnedArea","GFED4.1S","LPJ-EOSIM","RMSE","MeanState","global","scalar","%","0.662604","80.0"
"EcosystemandCarbonCycle","BurnedArea","GFED4.1S","LPJ-EOSIM","RMSE Score","MeanState","global","score","1","0.488996","80.0"
"EcosystemandCarbonCycle","BurnedArea","GFED4.1S","LPJ-EOSIM","Overall Score","MeanState","global","score","1","0.463542","80.0"
"EcosystemandCarbonCycle","BurnedArea","GFED4.1S","VISIT-UT","Benchmark Period Mean (intersection)","MeanState","global","scalar","%","0.327816","80.0"
"EcosystemandCarbonCycle","BurnedArea","GFED4.1S","VISIT-UT","Benchmark Period Mean (complement)","MeanState","global","scalar","%","0.0412283","80.0"
"EcosystemandCarbonCycle","BurnedArea","GFED4.1S","VISIT-UT","Period Mean (original grids)","MeanState","global","scalar","%","0.425638","80.0"
"EcosystemandCarbonCycle","BurnedArea","GFED4.1S","VISIT-UT","Model Period Mean (intersection)","MeanState","global","scalar","%","0.465228","80.0"
"EcosystemandCarbonCycle","BurnedArea","GFED4.1S","VISIT-UT","Model Period Mean (complement)","MeanState","global","scalar","%","0.0855478","80.0"
"EcosystemandCarbonCycle","BurnedArea","GFED4.1S","VISIT-UT","Spatial Distribution Score","MeanState","global","score","1","0.465613","80.0"
"EcosystemandCarbonCycle","BurnedArea","GFED4.1S","VISIT-UT","Phase Shift","MeanState","global","scalar","months","2.32569","80.0"
"EcosystemandCarbonCycle","BurnedArea","GFED4.1S","VISIT-UT","Seasonal Cycle Score","MeanState","global","score","1","0.694766","80.0"
"EcosystemandCarbonCycle","BurnedArea","GFED4.1S","VISIT-UT","Bias","MeanState","global","scalar","%","0.137412","80.0"
"EcosystemandCarbonCycle","BurnedArea","GFED4.1S","VISIT-UT","Bias Score","MeanState","global","score","1","0.636497","80.0"
"EcosystemandCarbonCycle","BurnedArea","GFED4.1S","VISIT-UT","RMSE","MeanState","global","scalar","%","0.981298","80.0"
"EcosystemandCarbonCycle","BurnedArea","GFED4.1S","VISIT-UT","RMSE Score","MeanState","global","score","1","0.487699","80.0"
"EcosystemandCarbonCycle","BurnedArea","GFED4.1S","VISIT-UT","Overall Score","MeanState","global","score","1","0.554455","80.0"
"EcosystemandCarbonCycle","BurnedArea","GFED4.1S","ED-ModelC-baseline","Benchmark Period Mean (intersection)","MeanState","global","scalar","%","0.329776","80.0"
"EcosystemandCarbonCycle","BurnedArea","GFED4.1S","ED-ModelC-baseline","Benchmark Period Mean (complement)","MeanState","global","scalar","%","0","80.0"
"EcosystemandCarbonCycle","BurnedArea","GFED4.1S","ED-ModelC-baseline","Period Mean (original grids)","MeanState","global","scalar","%","0.611164","80.0"
"EcosystemandCarbonCycle","BurnedArea","GFED4.1S","ED-ModelC-baseline","Model Period Mean (intersection)","MeanState","global","scalar","%","0.663221","80.0"
"EcosystemandCarbonCycle","BurnedArea","GFED4.1S","ED-ModelC-baseline","Model Period Mean (complement)","MeanState","global","scalar","%","0.0871574","80.0"
"EcosystemandCarbonCycle","BurnedArea","GFED4.1S","ED-ModelC-baseline","Spatial Distribution Score","MeanState","global","score","1","0.771075","80.0"
"EcosystemandCarbonCycle","BurnedArea","GFED4.1S","ED-ModelC-baseline","Phase Shift","MeanState","global","scalar","months","2.05853","80.0"
"EcosystemandCarbonCycle","BurnedArea","GFED4.1S","ED-ModelC-baseline","Seasonal Cycle Score","MeanState","global","score","1","0.84569","80.0"
"EcosystemandCarbonCycle","BurnedArea","GFED4.1S","ED-ModelC-baseline","Bias","MeanState","global","scalar","%","0.333445","80.0"
"EcosystemandCarbonCycle","BurnedArea","GFED4.1S","ED-ModelC-baseline","Bias Score","MeanState","global","score","1","0.728089","80.0"
"EcosystemandCarbonCycle","BurnedArea","GFED4.1S","ED-ModelC-baseline","RMSE","MeanState","global","scalar","%","0.983043","80.0"
"EcosystemandCarbonCycle","BurnedArea","GFED4.1S","ED-ModelC-baseline","RMSE Score","MeanState","global","score","1","0.505759","80.0"
"EcosystemandCarbonCycle","BurnedArea","GFED4.1S","ED-ModelC-baseline","Overall Score","MeanState","global","score","1","0.671274","80.0"
"EcosystemandCarbonCycle","BurnedArea","GFED4.1S","CLASSIC","Benchmark Period Mean (intersection)","MeanState","global","scalar","%","0.313795","80.0"
"EcosystemandCarbonCycle","BurnedArea","GFED4.1S","CLASSIC","Benchmark Period Mean (complement)","MeanState","global","scalar","%","0.0324358","80.0"
"EcosystemandCarbonCycle","BurnedArea","GFED4.1S","CLASSIC","Period Mean (original grids)","MeanState","global","scalar","%","0.355219","80.0"
"EcosystemandCarbonCycle","BurnedArea","GFED4.1S","CLASSIC","Model Period Mean (intersection)","MeanState","global","scalar","%","0.402254","80.0"
"EcosystemandCarbonCycle","BurnedArea","GFED4.1S","CLASSIC","Model Period Mean (complement)","MeanState","global","scalar","%","0.113531","80.0"
"EcosystemandCarbonCycle","BurnedArea","GFED4.1S","CLASSIC","Spatial Distribution Score","MeanState","global","score","1","0.796576","80.0"
"EcosystemandCarbonCycle","BurnedArea","GFED4.1S","CLASSIC","Phase Shift","MeanState","global","scalar","months","2.03762","80.0"
"EcosystemandCarbonCycle","BurnedArea","GFED4.1S","CLASSIC","Seasonal Cycle Score","MeanState","global","score","1","0.782179","80.0"
"EcosystemandCarbonCycle","BurnedArea","GFED4.1S","CLASSIC","Bias","MeanState","global","scalar","%","0.0884588","80.0"
"EcosystemandCarbonCycle","BurnedArea","GFED4.1S","CLASSIC","Bias Score","MeanState","global","score","1","0.738463","80.0"
"EcosystemandCarbonCycle","BurnedArea","GFED4.1S","CLASSIC","RMSE","MeanState","global","scalar","%","0.766566","80.0"
"EcosystemandCarbonCycle","BurnedArea","GFED4.1S","CLASSIC","RMSE Score","MeanState","global","score","1","0.506512","80.0"
"EcosystemandCarbonCycle","BurnedArea","GFED4.1S","CLASSIC","Overall Score","MeanState","global","score","1","0.666048","80.0"
"EcosystemandCarbonCycle","BurnedArea","GFED4.1S","LPJ-GUESS","Benchmark Period Mean (intersection)","MeanState","global","scalar","%","0.325319","80.0"
"EcosystemandCarbonCycle","BurnedArea","GFED4.1S","LPJ-GUESS","Benchmark Period Mean (complement)","MeanState","global","scalar","%","0.026805","80.0"
"EcosystemandCarbonCycle","BurnedArea","GFED4.1S","LPJ-GUESS","Period Mean (original grids)","MeanState","global","scalar","%","0.189507","80.0"
"EcosystemandCarbonCycle","BurnedArea","GFED4.1S","LPJ-GUESS","Model Period Mean (intersection)","MeanState","global","scalar","%","0.203416","80.0"
"EcosystemandCarbonCycle","BurnedArea","GFED4.1S","LPJ-GUESS","Model Period Mean (complement)","MeanState","global","scalar","%","0.0670722","80.0"
"EcosystemandCarbonCycle","BurnedArea","GFED4.1S","LPJ-GUESS","Spatial Distribution Score","MeanState","global","score","1","0.288271","80.0"
"EcosystemandCarbonCycle","BurnedArea","GFED4.1S","LPJ-GUESS","Phase Shift","MeanState","global","scalar","months","3.20277","80.0"
"EcosystemandCarbonCycle","BurnedArea","GFED4.1S","LPJ-GUESS","Seasonal Cycle Score","MeanState","global","score","1","0.459076","80.0"
"EcosystemandCarbonCycle","BurnedArea","GFED4.1S","LPJ-GUESS","Bias","MeanState","global","scalar","%","-0.121903","80.0"
"EcosystemandCarbonCycle","BurnedArea","GFED4.1S","LPJ-GUESS","Bias Score","MeanState","global","score","1","0.670836","80.0"
"EcosystemandCarbonCycle","BurnedArea","GFED4.1S","LPJ-GUESS","RMSE","MeanState","global","scalar","%","0.697289","80.0"
"EcosystemandCarbonCycle","BurnedArea","GFED4.1S","LPJ-GUESS","RMSE Score","MeanState","global","score","1","0.488993","80.0"
"EcosystemandCarbonCycle","BurnedArea","GFED4.1S","LPJ-GUESS","Overall Score","MeanState","global","score","1","0.479233","80.0"
"EcosystemandCarbonCycle","BurnedArea","GFED4.1S","CLM6.0","Benchmark Period Mean (intersection)","MeanState","global","scalar","%","0.31632","80.0"
"EcosystemandCarbonCycle","BurnedArea","GFED4.1S","CLM6.0","Benchmark Period Mean (complement)","MeanState","global","scalar","%","0.0301957","80.0"
"EcosystemandCarbonCycle","BurnedArea","GFED4.1S","CLM6.0","Period Mean (original grids)","MeanState","global","scalar","%","0.383281","80.0"
"EcosystemandCarbonCycle","BurnedArea","GFED4.1S","CLM6.0","Model Period Mean (intersection)","MeanState","global","scalar","%","0.455842","80.0"
"EcosystemandCarbonCycle","BurnedArea","GFED4.1S","CLM6.0","Model Period Mean (complement)","MeanState","global","scalar","%","0.0520872","80.0"
"EcosystemandCarbonCycle","BurnedArea","GFED4.1S","CLM6.0","Spatial Distribution Score","MeanState","global","score","1","0.838156","80.0"
"EcosystemandCarbonCycle","BurnedArea","GFED4.1S","CLM6.0","Phase Shift","MeanState","global","scalar","months","2.01436","80.0"
"EcosystemandCarbonCycle","BurnedArea","GFED4.1S","CLM6.0","Seasonal Cycle Score","MeanState","global","score","1","0.758324","80.0"
"EcosystemandCarbonCycle","BurnedArea","GFED4.1S","CLM6.0","Bias","MeanState","global","scalar","%","0.138759","80.0"
"EcosystemandCarbonCycle","BurnedArea","GFED4.1S","CLM6.0","Bias Score","MeanState","global","score","1","0.758765","80.0"
"EcosystemandCarbonCycle","BurnedArea","GFED4.1S","CLM6.0","RMSE","MeanState","global","scalar","%","0.780541","80.0"
"EcosystemandCarbonCycle","BurnedArea","GFED4.1S","CLM6.0","RMSE Score","MeanState","global","score","1","0.473987","80.0"
"EcosystemandCarbonCycle","BurnedArea","GFED4.1S","CLM6.0","Overall Score","MeanState","global","score","1","0.660644","80.0"
"EcosystemandCarbonCycle","BurnedArea","GFED4.1S","CLM-FATES","Benchmark Period Mean (intersection)","MeanState","global","scalar","%","0.313956","80.0"
"EcosystemandCarbonCycle","BurnedArea","GFED4.1S","CLM-FATES","Benchmark Period Mean (complement)","MeanState","global","scalar","%","0.0190754","80.0"
"EcosystemandCarbonCycle","BurnedArea","GFED4.1S","CLM-FATES","Period Mean (original grids)","MeanState","global","scalar","%","0.318921","80.0"
"EcosystemandCarbonCycle","BurnedArea","GFED4.1S","CLM-FATES","Model Period Mean (intersection)","MeanState","global","scalar","%","0.354455","80.0"
"EcosystemandCarbonCycle","BurnedArea","GFED4.1S","CLM-FATES","Model Period Mean (complement)","MeanState","global","scalar","%","0.212751","80.0"
"EcosystemandCarbonCycle","BurnedArea","GFED4.1S","CLM-FATES","Spatial Distribution Score","MeanState","global","score","1","0.7068","80.0"
"EcosystemandCarbonCycle","BurnedArea","GFED4.1S","CLM-FATES","Phase Shift","MeanState","global","scalar","months","2.53199","80.0"
"EcosystemandCarbonCycle","BurnedArea","GFED4.1S","CLM-FATES","Seasonal Cycle Score","MeanState","global","score","1","0.801922","80.0"
"EcosystemandCarbonCycle","BurnedArea","GFED4.1S","CLM-FATES","Bias","MeanState","global","scalar","%","0.0402531","80.0"
"EcosystemandCarbonCycle","BurnedArea","GFED4.1S","CLM-FATES","Bias Score","MeanState","global","score","1","0.725026","80.0"
"EcosystemandCarbonCycle","BurnedArea","GFED4.1S","CLM-FATES","RMSE","MeanState","global","scalar","%","0.731834","80.0"
"EcosystemandCarbonCycle","BurnedArea","GFED4.1S","CLM-FATES","RMSE Score","MeanState","global","score","1","0.525205","80.0"
"EcosystemandCarbonCycle","BurnedArea","GFED4.1S","CLM-FATES","Overall Score","MeanState","global","score","1","0.656831","80.0"